address,expected
"4013 Market St, Fairview, TN 37062",Commercial
"1425 Retail Row, Hillcrest, CA 92103",Commercial
"3812 Maple Ln, Riverton, UT 84065",Residential
"6874 Oak Dr, Hillcrest, CA 92103",Residential
"6925 Market St, Riverton, UT 84065",Commercial
"1675 Aspen Dr, Fairview, TN 37062",Residential
"9892 Aspen Dr, Fairview, TN 37062",Residential
"2046 Birch Pl, Hillcrest, CA 92103",Residential
"5926 Cedar Ter, Fairview, TN 37062",Residential
"4742 Market St, Riverton, UT 84065",Commercial
"4555 Industrial Pkwy, Bayside, CA 94110",Industrial
"5821 Factory Rd, Fairview, TN 37062",Industrial
"9981 Elm Cir, Springfield, IL 62701",Residential
"7574 Oak Dr, Riverton, UT 84065",Residential
"917 Downtown Ave, Fairview, TN 37062",MixedUse
"4387 Willow Ct, Bayside, CA 94110",Residential
"3484 Depot St, Fairview, TN 37062",Industrial
"2341 Elm Cir, Bayside, CA 94110",Residential
"4305 Cedar Ter, Hillcrest, CA 92103",Residential
"5931 Cedar Ter, Bayside, CA 94110",Residential
"772 Station Blvd, Springfield, IL 62701",MixedUse
"9772 Oak Dr, Bayside, CA 94110",Residential
"4120 Birch Pl, Hillcrest, CA 92103",Residential
"8798 Industrial Pkwy, Springfield, IL 62701",Industrial
"4809 Main St, Springfield, IL 62701",Commercial
"8202 Elm Cir, Fairview, TN 37062",Residential
"8318 Maple Ln, Fairview, TN 37062",Residential
"8838 Aspen Dr, Riverton, UT 84065",Residential
"5311 Union Sq, Hillcrest, CA 92103",MixedUse
"3924 Willow Ct, Fairview, TN 37062",Residential
"7963 Industrial Pkwy, Springfield, IL 62701",Industrial
"7788 Downtown Ave, Riverton, UT 84065",MixedUse
"6933 Cedar Ter, Hillcrest, CA 92103",Residential
"6538 Downtown Ave, Fairview, TN 37062",MixedUse
"7398 Broadway, Hillcrest, CA 92103",Commercial
"9639 Willow Ct, Springfield, IL 62701",Residential
"965 Market St, Springfield, IL 62701",Commercial
"8424 Freight Way, Springfield, IL 62701",Industrial
"2168 Commerce Blvd, Hillcrest, CA 92103",Commercial
"3982 Depot St, Bayside, CA 94110",Industrial
"1589 Factory Rd, Springfield, IL 62701",Industrial
"888 Birch Pl, Bayside, CA 94110",Residential
"6597 Union Sq, Springfield, IL 62701",MixedUse
"3140 Industrial Pkwy, Riverton, UT 84065",Industrial
"4564 Birch Pl, Riverton, UT 84065",Residential
"9017 Industrial Pkwy, Bayside, CA 94110",Industrial
"1529 Plaza Way, Springfield, IL 62701",Commercial
"7957 Factory Rd, Bayside, CA 94110",Industrial
"Apt 4B",Industrial
"4674 Aspen Dr, Bayside, CA 94110",Residential
"3112 Station Blvd, Riverton, UT 84065",MixedUse
"937 Union Sq, Fairview, TN 37062",MixedUse
"2580 Aspen Dr, Hillcrest, CA 92103",Residential
"1123 Aspen Dr, Riverton, UT 84065",Residential
"1965 Commerce Blvd, Bayside, CA 94110",Commercial
"652 Plaza Way, Hillcrest, CA 92103",Commercial
"8566 Cedar Ter, Hillcrest, CA 92103",Residential
"3911 Elm Cir, Fairview, TN 37062",Residential
"7492 Elm Cir, Fairview, TN 37062",Residential
"7509 Market St, Springfield, IL 62701",Commercial
"8809 Market St, Springfield, IL 62701",Commercial
"4003 Willow Ct, Springfield, IL 62701",Residential
"4957 Aspen Dr, Hillcrest, CA 92103",Residential
"4906 Union Sq, Hillcrest, CA 92103",MixedUse
"1892 Oak Dr, Fairview, TN 37062",Residential
"4617 Commerce Blvd, Fairview, TN 37062",Commercial
"8281 Commerce Blvd, Fairview, TN 37062",Commercial
"6940 Industrial Pkwy, Springfield, IL 62701",Industrial
"4292 Willow Ct, Riverton, UT 84065",Residential
"PO Box 9190",Residential
"591 Downtown Ave, Hillcrest, CA 92103",MixedUse
"2089 Commerce Blvd, Bayside, CA 94110",Commercial
"5863 Aspen Dr, Springfield, IL 62701",Residential
"9174 Maple Ln, Fairview, TN 37062",Residential
"3879 Cedar Ter, Riverton, UT 84065",Residential
"407 Downtown Ave, Bayside, CA 94110",MixedUse
"4372 Station Blvd, Riverton, UT 84065",MixedUse
"7712 Broadway, Springfield, IL 62701",Commercial
"5001 Foundry Ave, Fairview, TN 37062",Industrial
"3165 Factory Rd, Springfield, IL 62701",Industrial
"5754 Maple Ln, Fairview, TN 37062",Residential
"5426 Aspen Dr, Hillcrest, CA 92103",Residential
"9513 Willow Ct, Riverton, UT 84065",Residential
"7120 Maple Ln, Hillcrest, CA 92103",Residential
"8380 Broadway, Hillcrest, CA 92103",Commercial
"728 Factory Rd, Fairview, TN 37062",Industrial
"3229 Aspen Dr, Hillcrest, CA 92103",Residential
"5144 Elm Cir, Fairview, TN 37062",Residential
"5068 Willow Ct, Hillcrest, CA 92103",Residential
"9084 Elm Cir, Fairview, TN 37062",Residential
"9325 Birch Pl, Riverton, UT 84065",Residential
"4701 Maple Ln, Fairview, TN 37062",Residential
"7619 Plaza Way, Fairview, TN 37062",Commercial
"2781 Plaza Way, Bayside, CA 94110",Commercial
"5492 Elm Cir, Hillcrest, CA 92103",Residential
"3681 Downtown Ave, Fairview, TN 37062",MixedUse
"7785 Maple Ln, Riverton, UT 84065",Residential
"9432 Broadway, Bayside, CA 94110",Commercial
"3998 Broadway, Bayside, CA 94110",Commercial
"3586 Market St, Bayside, CA 94110",Commercial
"9133 Station Blvd, Springfield, IL 62701",MixedUse
"7613 Foundry Ave, Riverton, UT 84065",Industrial
"8271 Midtown St, Bayside, CA 94110",MixedUse
"7778 Foundry Ave, Riverton, UT 84065",Industrial
"8541 Retail Row, Fairview, TN 37062",Commercial
"4682 Birch Pl, Springfield, IL 62701",Residential
"2268 Cedar Ter, Springfield, IL 62701",Residential
"1053 Oak Dr, Riverton, UT 84065",Residential
"1021 Birch Pl, Bayside, CA 94110",Residential
"321 Aspen Dr, Hillcrest, CA 92103",Residential
"97 Broadway, Bayside, CA 94110",Commercial
"8819 Birch Pl, Bayside, CA 94110",Residential
"8000 Cedar Ter, Riverton, UT 84065",Residential
"5508 Maple Ln, Bayside, CA 94110",Residential
"7658 Retail Row, Riverton, UT 84065",Commercial
"9698 Union Sq, Bayside, CA 94110",MixedUse
"2224 Elm Cir, Bayside, CA 94110",Residential
"5364 Willow Ct, Bayside, CA 94110",Residential
"4559 Aspen Dr, Bayside, CA 94110",Residential
"N/A",Industrial
"1125 Willow Ct, Riverton, UT 84065",Residential
"3267 Market St, Riverton, UT 84065",Commercial
"7759 Commerce Blvd, Riverton, UT 84065",Commercial
"4199 Commerce Blvd, Bayside, CA 94110",Commercial
"2684 Cedar Ter, Springfield, IL 62701",Residential
"9434 Maple Ln, Fairview, TN 37062",Residential
"1246 Station Blvd, Riverton, UT 84065",MixedUse
"4942 Factory Rd, Springfield, IL 62701",Industrial
"673 Market St, Hillcrest, CA 92103",Commercial
"8290 Willow Ct, Springfield, IL 62701",Residential
"1730 Birch Pl, Bayside, CA 94110",Residential
"2507 Aspen Dr, Bayside, CA 94110",Residential
"8818 Retail Row, Fairview, TN 37062",Commercial
"4398 Aspen Dr, Hillcrest, CA 92103",Residential
"7386 Maple Ln, Fairview, TN 37062",Residential
"5512 Cedar Ter",Residential
"4233 Oak Dr, Fairview, TN 37062",Residential
"Mill Rd",Industrial
"8005 Elm Cir, Bayside, CA 94110",Residential
"7343 Birch Pl, Bayside, CA 94110",Residential
"3987 Oak Dr, Bayside, CA 94110",Residential
"8699 Broadway, Hillcrest, CA 92103",Commercial
"7435 Midtown St, Fairview, TN 37062",MixedUse
"5170 Maple Ln, Riverton, UT 84065",Residential
"3139 Aspen Dr, Riverton, UT 84065",Residential
"8596 Elm Cir, Hillcrest, CA 92103",Residential
"3728 Downtown Ave, Fairview, TN 37062",MixedUse
"2074 Elm Cir, Hillcrest, CA 92103",Residential
"8043 Midtown St, Riverton, UT 84065",MixedUse
"7844 Willow Ct, Bayside, CA 94110",Residential
"7828 Maple Ln, Fairview, TN 37062",Residential
"9454 Birch Pl, Springfield, IL 62701",Residential
"4979 Oak Dr, Hillcrest, CA 92103",Residential
"9934 Cedar Ter, Bayside, CA 94110",Residential
"7382 Plaza Way, Bayside, CA 94110",Commercial
"5004 Cedar Ter, Bayside, CA 94110",Residential
"3405 Elm Cir, Springfield, IL 62701",Residential
"3930 Maple Ln, Riverton, UT 84065",Residential
"7382 Maple Ln, Bayside, CA 94110",Residential
"4721 Maple Ln, Riverton, UT 84065",Residential
"3825 Broadway, Springfield, IL 62701",Commercial
"3242 Retail Row, Hillcrest, CA 92103",Commercial
"4353 Elm Cir, Riverton, UT 84065",Residential
"9750 Oak Dr, Fairview, TN 37062",Residential
"2038 Main St, Bayside, CA 94110",Commercial
"8200 Birch Pl, Fairview, TN 37062",Residential
"7079 Cedar Ter, Springfield, IL 62701",Residential
"3751 Market St, Springfield, IL 62701",Commercial
"340 Depot St, Hillcrest, CA 92103",Industrial
"660 Main St, Hillcrest, CA 92103",Commercial
"4558 Cedar Ter, Bayside, CA 94110",Residential
"1495 Retail Row, Bayside, CA 94110",Commercial
"2635 Willow Ct, Springfield, IL 62701",Residential
"PO Box 9013",Commercial
"6623 Willow Ct, Springfield, IL 62701",Residential
"7570 Industrial Pkwy, Hillcrest, CA 92103",Industrial
"8168 Willow Ct, Hillcrest, CA 92103",Residential
"8999 Commerce Blvd, Fairview, TN 37062",Commercial
"",Residential
"5092 Commerce Blvd, Riverton, UT 84065",Commercial
"1859 Market St, Riverton, UT 84065",Commercial
"8166 Aspen Dr, Riverton, UT 84065",Residential
"6808 Elm Cir, Fairview, TN 37062",Residential
"9032 Downtown Ave, Bayside, CA 94110",MixedUse
"2237 Cedar Ter, Hillcrest, CA 92103",Residential
"5569 Aspen Dr, Bayside, CA 94110",Residential
"4635 Aspen Dr, Springfield, IL 62701",Residential
"2435 Depot St, Bayside, CA 94110",Industrial
"8904 Willow Ct, Hillcrest, CA 92103",Residential
"9369 Downtown Ave, Riverton, UT 84065",MixedUse
"5214 Foundry Ave, Springfield, IL 62701",Industrial
"2493 Broadway, Bayside, CA 94110",Commercial
"5440 Cedar Ter, Hillcrest, CA 92103",Residential
"8618 Foundry Ave, Springfield, IL 62701",Industrial
"2530 Oak Dr, Bayside, CA 94110",Residential
"6513 Main St, Fairview, TN 37062",Commercial
"6227 Mill Rd, Hillcrest, CA 92103",Industrial
"589 Broadway, Hillcrest, CA 92103",Commercial
"3728 Elm Cir, Fairview, TN 37062",Residential
"7270 Maple Ln, Springfield, IL 62701",Residential
"5315 Maple Ln, Springfield, IL 62701",Residential
"2386 Willow Ct, Bayside, CA 94110",Residential
"2786 Elm Cir, Riverton, UT 84065",Residential
"3946 Broadway, Hillcrest, CA 92103",Commercial
"4162 Commerce Blvd, Bayside, CA 94110",Commercial
"8956 Broadway, Fairview, TN 37062",Commercial
"4902 Willow Ct, Hillcrest, CA 92103",Residential
"4950 Willow Ct, Bayside, CA 94110",Residential
"3887 Birch Pl, Springfield, IL 62701",Residential
"360 Willow Ct, Fairview, TN 37062",Residential
"9273 Main St, Springfield, IL 62701",Commercial
"8139 Market St, Hillcrest, CA 92103",Commercial
"5773 Factory Rd, Hillcrest, CA 92103",Industrial
"1592 Willow Ct, Riverton, UT 84065",Residential
"547 Main St, Bayside, CA 94110",Commercial
"5353 Market St, Fairview, TN 37062",Commercial
"5995 Oak Dr, Hillcrest, CA 92103",Residential
"7895 Factory Rd, Fairview, TN 37062",Industrial
"1887 Aspen Dr, Fairview, TN 37062",Residential
"6512 Aspen Dr, Riverton, UT 84065",Residential
"N/A",Industrial
"9578 Willow Ct, Fairview, TN 37062",Residential
"3831 Main St, Springfield, IL 62701",Commercial
"9996 Plaza Way, Fairview, TN 37062",Commercial
"4952 Aspen Dr, Bayside, CA 94110",Residential
"4987 Maple Ln, Springfield, IL 62701",Residential
"2223 Oak Dr, Hillcrest, CA 92103",Residential
"6867 Elm Cir, Hillcrest, CA 92103",Residential
"8018 Broadway, Springfield, IL 62701",Commercial
"6071 Midtown St, Springfield, IL 62701",MixedUse
"1628 Oak Dr, Fairview, TN 37062",Residential
"993 Elm Cir, Fairview, TN 37062",Residential
"1502 Maple Ln, Bayside, CA 94110",Residential
"829 Plaza Way, Springfield, IL 62701",Commercial
"3363 Oak Dr, Hillcrest, CA 92103",Residential
"3539 Commerce Blvd, Hillcrest, CA 92103",Commercial
"Aspen Dr",Residential
"1802 Midtown St, Riverton, UT 84065",MixedUse
"3899 Maple Ln, Fairview, TN 37062",Residential
"2077 Willow Ct, Springfield, IL 62701",Residential
"7803 Elm Cir, Springfield, IL 62701",Residential
"7406 Cedar Ter, Springfield, IL 62701",Residential
"4942 Union Sq, Hillcrest, CA 92103",MixedUse
"6581 Union Sq, Bayside, CA 94110",MixedUse
"1205 Elm Cir, Bayside, CA 94110",Residential
"2068 Oak Dr, Springfield, IL 62701",Residential
"6241 Plaza Way, Fairview, TN 37062",Commercial
"9920 Birch Pl, Hillcrest, CA 92103",Residential
"3523 Market St, Hillcrest, CA 92103",Commercial
"7431 Foundry Ave, Fairview, TN 37062",Industrial
"5121 Main St, Bayside, CA 94110",Commercial
"1100 Oak Dr, Bayside, CA 94110",Residential
"6106 Birch Pl, Springfield, IL 62701",Residential
"9203 Plaza Way, Hillcrest, CA 92103",Commercial
"843 Willow Ct, Bayside, CA 94110",Residential
"9469 Main St, Springfield, IL 62701",Commercial
"1774 Birch Pl, Riverton, UT 84065",Residential
"9407 Market St, Fairview, TN 37062",Commercial
"",Residential
"2956 Freight Way, Springfield, IL 62701",Industrial
"101 Main St, Fairview, TN 37062",Commercial
"1141 Elm Cir, Bayside, CA 94110",Residential
"8692 Market St, Springfield, IL 62701",Commercial
"6063 Willow Ct, Riverton, UT 84065",Residential
"1392 Cedar Ter, Hillcrest, CA 92103",Residential
"816 Aspen Dr, Hillcrest, CA 92103",Residential
"7958 Elm Cir, Bayside, CA 94110",Residential
"1865 Oak Dr, Hillcrest, CA 92103",Residential
"7973 Elm Cir, Hillcrest, CA 92103",Residential
"9820 Oak Dr, Bayside, CA 94110",Residential
"4187 Oak Dr, Riverton, UT 84065",Residential
"2879 Birch Pl, Bayside, CA 94110",Residential
"9155 Oak Dr, Hillcrest, CA 92103",Residential
"694 Industrial Pkwy, Bayside, CA 94110",Industrial
"9434 Maple Ln, Fairview, TN 37062",Residential
"4744 Elm Cir, Bayside, CA 94110",Residential
"7539 Willow Ct, Riverton, UT 84065",Residential
"1735 Industrial Pkwy, Bayside, CA 94110",Industrial
"6485 Plaza Way, Springfield, IL 62701",Commercial
"2755 Commerce Blvd, Fairview, TN 37062",Commercial
"3177 Plaza Way, Hillcrest, CA 92103",Commercial
"3872 Elm Cir, Riverton, UT 84065",Residential
"2505 Oak Dr, Hillcrest, CA 92103",Residential
"7602 Commerce Blvd, Bayside, CA 94110",Commercial
"5296 Broadway, Hillcrest, CA 92103",Commercial
"1119 Commerce Blvd, Bayside, CA 94110",Commercial
"921 Main St, Hillcrest, CA 92103",Commercial
"617 Birch Pl, Bayside, CA 94110",Residential
"9734 Industrial Pkwy, Springfield, IL 62701",Industrial
"7369 Cedar Ter, Springfield, IL 62701",Residential
"9913 Commerce Blvd, Fairview, TN 37062",Commercial
"1696 Maple Ln, Bayside, CA 94110",Residential
"8267 Mill Rd, Springfield, IL 62701",Industrial
"7200 Elm Cir, Bayside, CA 94110",Residential
"4635 Main St, Fairview, TN 37062",Commercial
"858 Retail Row, Hillcrest, CA 92103",Commercial
"1549 Market St, Fairview, TN 37062",Commercial
"2464 Willow Ct, Hillcrest, CA 92103",Residential
"5083 Commerce Blvd, Fairview, TN 37062",Commercial
"9750 Broadway, Riverton, UT 84065",Commercial
"5382 Cedar Ter, Bayside, CA 94110",Residential
"1532 Retail Row, Hillcrest, CA 92103",Commercial
"5941 Willow Ct, Springfield, IL 62701",Residential
"3146 Midtown St, Bayside, CA 94110",MixedUse
"1658 Maple Ln, Fairview, TN 37062",Residential
"619 Elm Cir, Hillcrest, CA 92103",Residential
"9786 Depot St, Riverton, UT 84065",Industrial
"2713 Aspen Dr, Hillcrest, CA 92103",Residential
"7278 Willow Ct, Riverton, UT 84065",Residential
"8750 Broadway, Riverton, UT 84065",Commercial
"6027 Station Blvd, Riverton, UT 84065",MixedUse
"4617 Broadway, Bayside, CA 94110",Commercial
"3272 Birch Pl, Riverton, UT 84065",Residential
"7874 Willow Ct, Springfield, IL 62701",Residential
"2043 Market St, Hillcrest, CA 92103",Commercial
"8411 Main St, Bayside, CA 94110",Commercial
"5728 Oak Dr, Bayside, CA 94110",Residential
"6127 Birch Pl, Hillcrest, CA 92103",Residential
"462 Midtown St, Riverton, UT 84065",MixedUse
"2393 Elm Cir, Fairview, TN 37062",Residential
"2274 Aspen Dr, Bayside, CA 94110",Residential
"Cedar Ter",Residential
"8648 Depot St, Hillcrest, CA 92103",Industrial
"1997 Commerce Blvd, Fairview, TN 37062",Commercial
"7490 Aspen Dr, Hillcrest, CA 92103",Residential
"N/A",Industrial
"4773 Retail Row, Riverton, UT 84065",Commercial
"6826 Commerce Blvd, Hillcrest, CA 92103",Commercial
"1109 Plaza Way, Fairview, TN 37062",Commercial
"Apt 4B",Residential
"4156 Birch Pl, Fairview, TN 37062",Residential
"3951 Maple Ln, Fairview, TN 37062",Residential
"2186 Plaza Way, Fairview, TN 37062",Commercial
"7613 Aspen Dr, Riverton, UT 84065",Residential
"1034 Oak Dr, Riverton, UT 84065",Residential
"3303 Union Sq, Fairview, TN 37062",MixedUse
"5081 Maple Ln, Fairview, TN 37062",Residential
"600 Station Blvd, Fairview, TN 37062",MixedUse
"5439 Willow Ct, Springfield, IL 62701",Residential
"7205 Broadway, Bayside, CA 94110",Commercial
"8152 Oak Dr, Bayside, CA 94110",Residential
"6956 Main St, Springfield, IL 62701",Commercial
"4814 Commerce Blvd, Hillcrest, CA 92103",Commercial
"5022 Elm Cir, Fairview, TN 37062",Residential
"5760 Commerce Blvd, Bayside, CA 94110",Commercial
"7127 Main St, Hillcrest, CA 92103",Commercial
"6656 Union Sq, Springfield, IL 62701",MixedUse
"511 Mill Rd, Riverton, UT 84065",Industrial
"2069 Broadway, Springfield, IL 62701",Commercial
"6273 Main St, Fairview, TN 37062",Commercial
"6078 Oak Dr, Bayside, CA 94110",Residential
"8675 Plaza Way, Riverton, UT 84065",Commercial
"Willow Ct",Residential
"1930 Birch Pl, Hillcrest, CA 92103",Residential
"4679 Birch Pl, Riverton, UT 84065",Residential
"2224 Downtown Ave, Springfield, IL 62701",MixedUse
"1439 Elm Cir, Bayside, CA 94110",Residential
"1064 Midtown St, Fairview, TN 37062",MixedUse
"2853 Willow Ct, Riverton, UT 84065",Residential
"2276 Maple Ln, Riverton, UT 84065",Residential
"9377 Willow Ct, Hillcrest, CA 92103",Residential
"1413 Depot St, Riverton, UT 84065",Industrial
"8613 Elm Cir, Bayside, CA 94110",Residential
"2054 Cedar Ter, Springfield, IL 62701",Residential
"8477 Broadway, Bayside, CA 94110",Commercial
"2982 Depot St, Hillcrest, CA 92103",Industrial
"2035 Cedar Ter, Springfield, IL 62701",Residential
"3695 Oak Dr, Fairview, TN 37062",Residential
"4106 Midtown St, Springfield, IL 62701",MixedUse
"4962 Midtown St, Riverton, UT 84065",MixedUse
"9697 Elm Cir, Riverton, UT 84065",Residential
"9915 Elm Cir, Hillcrest, CA 92103",Residential
"1331 Union Sq, Springfield, IL 62701",MixedUse
"3454 Plaza Way, Fairview, TN 37062",Commercial
"8160 Elm Cir, Springfield, IL 62701",Residential
"7913 Elm Cir, Fairview, TN 37062",Residential
"7431 Foundry Ave, Fairview, TN 37062",Industrial
"7934 Birch Pl, Bayside, CA 94110",Residential
"5232 Oak Dr, Fairview, TN 37062",Residential
"6071 Foundry Ave, Riverton, UT 84065",Industrial
"2008 Oak Dr, Bayside, CA 94110",Residential
"4755 Maple Ln, Springfield, IL 62701",Residential
"2617 Foundry Ave, Riverton, UT 84065",Industrial
"2611 Midtown St, Riverton, UT 84065",MixedUse
"Apt 4B",Residential
"9558 Oak Dr, Riverton, UT 84065",Residential
"7711 Birch Pl, Hillcrest, CA 92103",Residential
"2195 Maple Ln, Bayside, CA 94110",Residential
"742 Broadway, Fairview, TN 37062",Commercial
"9065 Commerce Blvd, Fairview, TN 37062",Commercial
"4583 Birch Pl, Hillcrest, CA 92103",Residential
"2109 Plaza Way, Springfield, IL 62701",Commercial
"9140 Aspen Dr, Fairview, TN 37062",Residential
"8342 Commerce Blvd, Hillcrest, CA 92103",Commercial
"5457 Maple Ln, Riverton, UT 84065",Residential
"8447 Oak Dr, Hillcrest, CA 92103",Residential
"6439 Midtown St, Riverton, UT 84065",MixedUse
"5512 Main St, Hillcrest, CA 92103",Commercial
"4912 Birch Pl, Hillcrest, CA 92103",Residential
"6825 Willow Ct, Springfield, IL 62701",Residential
"9780 Retail Row, Springfield, IL 62701",Commercial
"9561 Downtown Ave, Springfield, IL 62701",MixedUse
"6230 Elm Cir, Hillcrest, CA 92103",Residential
"1801 Market St, Hillcrest, CA 92103",Commercial
"6766 Birch Pl, Riverton, UT 84065",Residential
"7727 Aspen Dr, Hillcrest, CA 92103",Residential
"8499 Market St, Riverton, UT 84065",Commercial
"8610 Elm Cir, Bayside, CA 94110",Residential
"5609 Station Blvd, Hillcrest, CA 92103",MixedUse
"9996 Retail Row, Fairview, TN 37062",Commercial
"4891 Midtown St, Hillcrest, CA 92103",MixedUse
"3397 Midtown St, Fairview, TN 37062",MixedUse
"9184 Birch Pl, Fairview, TN 37062",Residential
"1997 Main St, Fairview, TN 37062",Commercial
"2400 Birch Pl, Fairview, TN 37062",Residential
"5675 Elm Cir, Springfield, IL 62701",Residential
"3506 Retail Row, Bayside, CA 94110",Commercial
"2250 Cedar Ter, Fairview, TN 37062",Residential
"832 Commerce Blvd, Riverton, UT 84065",Commercial
"861 Elm Cir, Riverton, UT 84065",Residential
"N/A",Residential
"7794 Downtown Ave, Bayside, CA 94110",MixedUse
"4677 Willow Ct, Fairview, TN 37062",Residential
"3805 Industrial Pkwy, Hillcrest, CA 92103",Industrial
"6847 Market St, Riverton, UT 84065",Commercial
"8117 Maple Ln, Bayside, CA 94110",Residential
"152 Main St, Springfield, IL 62701",Commercial
"7445 Main St, Fairview, TN 37062",Commercial
"8262 Birch Pl, Riverton, UT 84065",Residential
"2663 Maple Ln, Fairview, TN 37062",Residential
"231 Retail Row, Riverton, UT 84065",Commercial
"2876 Plaza Way, Riverton, UT 84065",Commercial
"8443 Broadway, Bayside, CA 94110",Commercial
"2304 Maple Ln, Riverton, UT 84065",Residential
"6285 Union Sq, Fairview, TN 37062",MixedUse
"9544 Main St, Fairview, TN 37062",Commercial
"3872 Elm Cir, Fairview, TN 37062",Residential
"6643 Willow Ct, Riverton, UT 84065",Residential
"4834 Midtown St, Springfield, IL 62701",MixedUse
"2510 Oak Dr, Bayside, CA 94110",Residential
"8999 Midtown St, Bayside, CA 94110",MixedUse
"4055 Retail Row, Riverton, UT 84065",Commercial
"7320 Market St, Hillcrest, CA 92103",Commercial
"1012 Cedar Ter, Springfield, IL 62701",Residential
"8793 Factory Rd, Hillcrest, CA 92103",Industrial
"1905 Cedar Ter, Bayside, CA 94110",Residential
"8362 Broadway, Springfield, IL 62701",Commercial
"6807 Oak Dr, Hillcrest, CA 92103",Residential
"357 Birch Pl, Fairview, TN 37062",Residential
"9476 Mill Rd, Riverton, UT 84065",Industrial
"8867 Elm Cir, Springfield, IL 62701",Residential
"520 Union Sq, Bayside, CA 94110",MixedUse
"6136 Oak Dr, Bayside, CA 94110",Residential
"6155 Aspen Dr, Bayside, CA 94110",Residential
"1944 Downtown Ave, Fairview, TN 37062",MixedUse
"3649 Cedar Ter, Riverton, UT 84065",Residential
"8921 Main St, Bayside, CA 94110",Commercial
"7547 Oak Dr, Riverton, UT 84065",Residential
"528 Elm Cir, Springfield, IL 62701",Residential
"3944 Aspen Dr, Springfield, IL 62701",Residential
"9795 Maple Ln, Bayside, CA 94110",Residential
"6591 Factory Rd, Springfield, IL 62701",Industrial
"2296 Aspen Dr, Springfield, IL 62701",Residential
"5225 Aspen Dr, Hillcrest, CA 92103",Residential
"4945 Main St, Riverton, UT 84065",Commercial
"4924 Downtown Ave, Bayside, CA 94110",MixedUse
"7000 Plaza Way, Riverton, UT 84065",Commercial
"8593 Willow Ct, Bayside, CA 94110",Residential
"6168 Oak Dr, Fairview, TN 37062",Residential
"4928 Oak Dr, Riverton, UT 84065",Residential
"9215 Birch Pl, Springfield, IL 62701",Residential
"6364 Cedar Ter, Riverton, UT 84065",Residential
"7370 Elm Cir, Springfield, IL 62701",Residential
"845 Elm Cir, Riverton, UT 84065",Residential
"1193 Plaza Way, Springfield, IL 62701",Commercial
"3556 Retail Row, Hillcrest, CA 92103",Commercial
"252 Freight Way, Fairview, TN 37062",Industrial
"7847 Elm Cir, Springfield, IL 62701",Residential
"6499 Retail Row, Riverton, UT 84065",Commercial
"7640 Main St, Bayside, CA 94110",Commercial
"8402 Willow Ct, Fairview, TN 37062",Residential
"5247 Aspen Dr, Bayside, CA 94110",Residential
"9217 Birch Pl, Springfield, IL 62701",Residential
"9066 Market St, Fairview, TN 37062",Commercial
"2498 Broadway, Fairview, TN 37062",Commercial
"8181 Cedar Ter, Riverton, UT 84065",Residential
"8006 Midtown St, Fairview, TN 37062",MixedUse
"2757 Broadway, Bayside, CA 94110",Commercial
"8001 Oak Dr, Hillcrest, CA 92103",Residential
"PO Box 8585",Industrial
"6757 Union Sq, Springfield, IL 62701",MixedUse
"150 Market St, Riverton, UT 84065",Commercial
"7917 Maple Ln, Hillcrest, CA 92103",Residential
"N/A",Residential
"281 Plaza Way, Fairview, TN 37062",Commercial
"1754 Broadway, Riverton, UT 84065",Commercial
"8626 Oak Dr, Riverton, UT 84065",Residential
"1295 Aspen Dr, Bayside, CA 94110",Residential
"3701 Cedar Ter, Riverton, UT 84065",Residential
"1532 Industrial Pkwy, Springfield, IL 62701",Industrial
"155 Birch Pl, Springfield, IL 62701",Residential
"5428 Aspen Dr, Bayside, CA 94110",Residential
"698 Industrial Pkwy, Hillcrest, CA 92103",Industrial
"7791 Mill Rd, Hillcrest, CA 92103",Industrial
"9233 Midtown St, Hillcrest, CA 92103",MixedUse
"257 Aspen Dr, Fairview, TN 37062",Residential
"1261 Retail Row, Bayside, CA 94110",Commercial
"8857 Plaza Way, Bayside, CA 94110",Commercial
"8205 Commerce Blvd, Springfield, IL 62701",Commercial
"3804 Maple Ln, Bayside, CA 94110",Residential
"9759 Aspen Dr, Hillcrest, CA 92103",Residential
"7382 Market St, Fairview, TN 37062",Commercial
"3044 Birch Pl, Bayside, CA 94110",Residential
"4840 Market St, Hillcrest, CA 92103",Commercial
"2527 Market St, Fairview, TN 37062",Commercial
"5189 Commerce Blvd, Bayside, CA 94110",Commercial
"5897 Willow Ct, Bayside, CA 94110",Residential
"7062 Maple Ln, Riverton, UT 84065",Residential
"431 Broadway, Springfield, IL 62701",Commercial
"5316 Plaza Way, Hillcrest, CA 92103",Commercial
"1388 Birch Pl, Bayside, CA 94110",Residential
"8538 Commerce Blvd, Hillcrest, CA 92103",Commercial
"4934 Oak Dr, Fairview, TN 37062",Residential
"4522 Oak Dr, Bayside, CA 94110",Residential
"4124 Maple Ln, Fairview, TN 37062",Residential
"3204 Broadway, Hillcrest, CA 92103",Commercial
"5444 Maple Ln, Bayside, CA 94110",Residential
"7213 Aspen Dr, Fairview, TN 37062",Residential
"2231 Mill Rd, Hillcrest, CA 92103",Industrial
"7849 Retail Row, Riverton, UT 84065",Commercial
"8045 Midtown St, Fairview, TN 37062",MixedUse
"4593 Main St, Bayside, CA 94110",Commercial
"3274 Maple Ln, Hillcrest, CA 92103",Residential
"441 Elm Cir, Hillcrest, CA 92103",Residential
"7184 Elm Cir, Riverton, UT 84065",Residential
"8181 Industrial Pkwy, Bayside, CA 94110",Industrial
"6933 Willow Ct, Riverton, UT 84065",Residential
"9540 Cedar Ter, Bayside, CA 94110",Residential
"8908 Aspen Dr",Residential
"1393 Plaza Way, Hillcrest, CA 92103",Commercial
"2726 Elm Cir, Fairview, TN 37062",Residential
"5433 Elm Cir, Bayside, CA 94110",Residential
"4240 Maple Ln, Springfield, IL 62701",Residential
"9425 Plaza Way, Hillcrest, CA 92103",Commercial
"8200 Birch Pl, Hillcrest, CA 92103",Residential
"4841 Station Blvd, Springfield, IL 62701",MixedUse
"5708 Union Sq, Riverton, UT 84065",MixedUse
"7913 Oak Dr, Hillcrest, CA 92103",Residential
"5226 Elm Cir, Bayside, CA 94110",Residential
"371 Elm Cir, Springfield, IL 62701",Residential
"3997 Retail Row, Riverton, UT 84065",Commercial
"6986 Main St, Hillcrest, CA 92103",Commercial
"3054 Birch Pl, Riverton, UT 84065",Residential
"3233 Maple Ln, Hillcrest, CA 92103",Residential
"3372 Maple Ln, Riverton, UT 84065",Residential
"1668 Market St, Hillcrest, CA 92103",Commercial
"3229 Willow Ct, Fairview, TN 37062",Residential
"8647 Aspen Dr, Bayside, CA 94110",Residential
"6432 Birch Pl, Hillcrest, CA 92103",Residential
"2827 Aspen Dr, Bayside, CA 94110",Residential
"9670 Main St, Hillcrest, CA 92103",Commercial
"5004 Maple Ln, Riverton, UT 84065",Residential
"6365 Oak Dr, Hillcrest, CA 92103",Residential
"3044 Birch Pl, Bayside, CA 94110",Residential
"9092 Elm Cir, Riverton, UT 84065",Residential
"7390 Oak Dr, Fairview, TN 37062",Residential
"2237 Industrial Pkwy, Bayside, CA 94110",Industrial
"8110 Cedar Ter, Hillcrest, CA 92103",Residential
"8007 Elm Cir, Bayside, CA 94110",Residential
"536 Commerce Blvd, Fairview, TN 37062",Commercial
"9268 Oak Dr, Bayside, CA 94110",Residential
"1855 Plaza Way, Hillcrest, CA 92103",Commercial
"8881 Cedar Ter, Fairview, TN 37062",Residential
"8952 Elm Cir, Bayside, CA 94110",Residential
"4878 Elm Cir, Riverton, UT 84065",Residential
"1426 Willow Ct, Fairview, TN 37062",Residential
"9633 Downtown Ave, Riverton, UT 84065",MixedUse
"2720 Depot St, Bayside, CA 94110",Industrial
"9341 Commerce Blvd, Springfield, IL 62701",Commercial
"5303 Cedar Ter, Riverton, UT 84065",Residential
"8429 Cedar Ter, Fairview, TN 37062",Residential
"6744 Market St, Riverton, UT 84065",Commercial
"4091 Downtown Ave, Riverton, UT 84065",MixedUse
"8020 Oak Dr, Bayside, CA 94110",Residential
"6147 Retail Row, Bayside, CA 94110",Commercial
"8448 Market St, Bayside, CA 94110",Commercial
"7997 Main St, Bayside, CA 94110",Commercial
"7512 Aspen Dr, Springfield, IL 62701",Residential
"6517 Market St, Hillcrest, CA 92103",Commercial
"4400 Oak Dr, Bayside, CA 94110",Residential
"2140 Cedar Ter, Hillcrest, CA 92103",Residential
"753 Willow Ct, Springfield, IL 62701",Residential
"2036 Broadway, Springfield, IL 62701",Commercial
"7010 Birch Pl, Springfield, IL 62701",Residential
"2605 Commerce Blvd, Fairview, TN 37062",Commercial
"4103 Industrial Pkwy, Fairview, TN 37062",Industrial
"849 Retail Row, Riverton, UT 84065",Commercial
"7033 Elm Cir, Riverton, UT 84065",Residential
"7813 Market St, Riverton, UT 84065",Commercial
"153 Plaza Way",Commercial
"7827 Foundry Ave, Riverton, UT 84065",Industrial
"1691 Elm Cir, Springfield, IL 62701",Residential
"2182 Factory Rd, Bayside, CA 94110",Industrial
"",Commercial
"2481 Willow Ct, Riverton, UT 84065",Residential
"1421 Broadway, Riverton, UT 84065",Commercial
"6292 Maple Ln, Hillcrest, CA 92103",Residential
"4060 Aspen Dr, Riverton, UT 84065",Residential
"9831 Cedar Ter, Hillcrest, CA 92103",Residential
"4943 Elm Cir, Springfield, IL 62701",Residential
"4843 Commerce Blvd, Bayside, CA 94110",Commercial
"6323 Commerce Blvd, Bayside, CA 94110",Commercial
"8656 Cedar Ter, Springfield, IL 62701",Residential
"2163 Willow Ct, Fairview, TN 37062",Residential
"8952 Foundry Ave, Fairview, TN 37062",Industrial
"9624 Market St, Springfield, IL 62701",Commercial
"6521 Maple Ln, Springfield, IL 62701",Residential
"6940 Plaza Way, Bayside, CA 94110",Commercial
"2502 Cedar Ter, Hillcrest, CA 92103",Residential
"2546 Cedar Ter, Riverton, UT 84065",Residential
"5082 Elm Cir, Springfield, IL 62701",Residential
"4006 Commerce Blvd, Springfield, IL 62701",Commercial
"9976 Birch Pl, Hillcrest, CA 92103",Residential
"Retail Row",Commercial
"5681 Commerce Blvd, Bayside, CA 94110",Commercial
"2736 Retail Row, Fairview, TN 37062",Commercial
"481 Main St, Springfield, IL 62701",Commercial
"4309 Cedar Ter, Springfield, IL 62701",Residential
"7458 Market St, Bayside, CA 94110",Commercial
"2735 Aspen Dr, Hillcrest, CA 92103",Residential
"1890 Maple Ln, Hillcrest, CA 92103",Residential
"4007 Maple Ln, Springfield, IL 62701",Residential
"580 Oak Dr, Riverton, UT 84065",Residential
"3679 Mill Rd, Bayside, CA 94110",Industrial
"4445 Elm Cir, Fairview, TN 37062",Residential
"863 Market St, Hillcrest, CA 92103",Commercial
"1130 Industrial Pkwy, Bayside, CA 94110",Industrial
"1416 Freight Way, Fairview, TN 37062",Industrial
"9238 Oak Dr, Fairview, TN 37062",Residential
"6034 Commerce Blvd, Bayside, CA 94110",Commercial
"8955 Aspen Dr, Riverton, UT 84065",Residential
"392 Maple Ln, Bayside, CA 94110",Residential
"",Residential
"1704 Elm Cir, Fairview, TN 37062",Residential
"982 Station Blvd, Bayside, CA 94110",MixedUse
"720 Willow Ct, Springfield, IL 62701",Residential
"6103 Depot St, Bayside, CA 94110",Industrial
"8281 Plaza Way, Springfield, IL 62701",Commercial
"9304 Industrial Pkwy, Hillcrest, CA 92103",Industrial
"4779 Commerce Blvd, Riverton, UT 84065",Commercial
"5346 Aspen Dr, Bayside, CA 94110",Residential
"2231 Maple Ln, Riverton, UT 84065",Residential
"2694 Commerce Blvd, Springfield, IL 62701",Commercial
"5871 Maple Ln, Hillcrest, CA 92103",Residential
"4342 Willow Ct, Bayside, CA 94110",Residential
"9885 Aspen Dr, Fairview, TN 37062",Residential
"1495 Freight Way, Riverton, UT 84065",Industrial
"803 Station Blvd, Hillcrest, CA 92103",MixedUse
"6626 Oak Dr, Springfield, IL 62701",Residential
"1552 Plaza Way, Riverton, UT 84065",Commercial
"196 Factory Rd, Springfield, IL 62701",Industrial
"3247 Commerce Blvd, Riverton, UT 84065",Commercial
"9541 Elm Cir, Springfield, IL 62701",Residential
"1057 Industrial Pkwy, Springfield, IL 62701",Industrial
"5433 Commerce Blvd, Springfield, IL 62701",Commercial
"9403 Union Sq, Riverton, UT 84065",MixedUse
"6271 Broadway, Springfield, IL 62701",Commercial
"4506 Oak Dr, Riverton, UT 84065",Residential
"4027 Industrial Pkwy, Hillcrest, CA 92103",Industrial
"1000 Cedar Ter, Bayside, CA 94110",Residential
"8615 Birch Pl, Riverton, UT 84065",Residential
"5884 Union Sq, Bayside, CA 94110",MixedUse
"8232 Main St, Hillcrest, CA 92103",Commercial
"9784 Maple Ln, Fairview, TN 37062",Residential
"7729 Freight Way, Springfield, IL 62701",Industrial
"1641 Commerce Blvd, Riverton, UT 84065",Commercial
"3595 Cedar Ter, Springfield, IL 62701",Residential
"2847 Station Blvd, Fairview, TN 37062",MixedUse
"",Commercial
"2329 Cedar Ter, Hillcrest, CA 92103",Residential
"8883 Aspen Dr, Bayside, CA 94110",Residential
"3812 Maple Ln, Springfield, IL 62701",Residential
"5436 Birch Pl, Springfield, IL 62701",Residential
"2908 Oak Dr, Fairview, TN 37062",Residential
"360 Freight Way, Springfield, IL 62701",Industrial
"8623 Commerce Blvd, Springfield, IL 62701",Commercial
"9602 Midtown St, Bayside, CA 94110",MixedUse
"7158 Oak Dr, Riverton, UT 84065",Residential
"9208 Midtown St, Riverton, UT 84065",MixedUse
"9650 Midtown St, Riverton, UT 84065",MixedUse
"2087 Elm Cir, Fairview, TN 37062",Residential
"6416 Elm Cir, Hillcrest, CA 92103",Residential
"2984 Plaza Way, Springfield, IL 62701",Commercial
"1706 Downtown Ave, Hillcrest, CA 92103",MixedUse
"3900 Elm Cir, Springfield, IL 62701",Residential
"5501 Elm Cir, Springfield, IL 62701",Residential
"5743 Oak Dr, Springfield, IL 62701",Residential
"6324 Maple Ln, Springfield, IL 62701",Residential
"8079 Oak Dr, Bayside, CA 94110",Residential
"7856 Birch Pl, Springfield, IL 62701",Residential
"2665 Retail Row, Riverton, UT 84065",Commercial
"329 Market St, Fairview, TN 37062",Commercial
"2788 Union Sq, Fairview, TN 37062",MixedUse
"1526 Maple Ln, Hillcrest, CA 92103",Residential
"7067 Station Blvd, Springfield, IL 62701",MixedUse
"878 Birch Pl, Riverton, UT 84065",Residential
"9079 Oak Dr, Bayside, CA 94110",Residential
"4873 Main St, Fairview, TN 37062",Commercial
"8044 Cedar Ter, Hillcrest, CA 92103",Residential
"4826 Birch Pl, Springfield, IL 62701",Residential
"Broadway",Commercial
"1893 Market St, Bayside, CA 94110",Commercial
"1494 Birch Pl, Fairview, TN 37062",Residential
"6053 Willow Ct, Bayside, CA 94110",Residential
"4316 Birch Pl, Bayside, CA 94110",Residential
"1585 Maple Ln, Riverton, UT 84065",Residential
"9663 Cedar Ter, Bayside, CA 94110",Residential
"6859 Birch Pl, Hillcrest, CA 92103",Residential
"3861 Broadway, Hillcrest, CA 92103",Commercial
"8227 Aspen Dr, Springfield, IL 62701",Residential
"2416 Cedar Ter, Hillcrest, CA 92103",Residential
"3472 Commerce Blvd, Riverton, UT 84065",Commercial
"7134 Birch Pl, Springfield, IL 62701",Residential
"4226 Factory Rd, Hillcrest, CA 92103",Industrial
"6359 Market St, Springfield, IL 62701",Commercial
"7507 Main St, Hillcrest, CA 92103",Commercial
"9627 Elm Cir, Hillcrest, CA 92103",Residential
"2429 Birch Pl, Riverton, UT 84065",Residential
"9220 Market St, Springfield, IL 62701",Commercial
"6733 Plaza Way, Fairview, TN 37062",Commercial
"7751 Plaza Way",Commercial
"6582 Cedar Ter",Residential
"4401 Market St, Bayside, CA 94110",Commercial
"5095 Aspen Dr, Fairview, TN 37062",Residential
"3735 Elm Cir, Springfield, IL 62701",Residential
"4415 Station Blvd, Fairview, TN 37062",MixedUse
"7238 Market St, Riverton, UT 84065",Commercial
"8463 Mill Rd, Bayside, CA 94110",Industrial
"1076 Depot St, Riverton, UT 84065",Industrial
"Oak Dr",Residential
"PO Box 4088",Industrial
"4489 Mill Rd, Riverton, UT 84065",Industrial
"501 Birch Pl, Springfield, IL 62701",Residential
"7776 Birch Pl, Riverton, UT 84065",Residential
"1481 Oak Dr, Fairview, TN 37062",Residential
"3512 Oak Dr, Hillcrest, CA 92103",Residential
"4409 Retail Row, Riverton, UT 84065",Commercial
"7768 Aspen Dr, Springfield, IL 62701",Residential
"3667 Plaza Way, Springfield, IL 62701",Commercial
"6944 Freight Way, Fairview, TN 37062",Industrial
"3576 Foundry Ave, Fairview, TN 37062",Industrial
"9577 Plaza Way, Bayside, CA 94110",Commercial
"9199 Elm Cir, Fairview, TN 37062",Residential
"7893 Main St, Springfield, IL 62701",Commercial
"4279 Midtown St, Fairview, TN 37062",MixedUse
"2457 Midtown St, Riverton, UT 84065",MixedUse
"6621 Maple Ln, Hillcrest, CA 92103",Residential
"8149 Retail Row, Springfield, IL 62701",Commercial
"6362 Birch Pl, Bayside, CA 94110",Residential
"5623 Plaza Way, Riverton, UT 84065",Commercial
"5874 Cedar Ter, Bayside, CA 94110",Residential
"2968 Mill Rd, Hillcrest, CA 92103",Industrial
"9160 Elm Cir, Fairview, TN 37062",Residential
"1464 Elm Cir, Fairview, TN 37062",Residential
"6890 Aspen Dr, Fairview, TN 37062",Residential
"4818 Willow Ct, Hillcrest, CA 92103",Residential
"9508 Maple Ln, Hillcrest, CA 92103",Residential
"1964 Oak Dr, Hillcrest, CA 92103",Residential
"886 Willow Ct, Bayside, CA 94110",Residential
"6705 Oak Dr, Fairview, TN 37062",Residential
"5184 Foundry Ave, Riverton, UT 84065",Industrial
"5450 Maple Ln, Bayside, CA 94110",Residential
"78 Elm Cir, Springfield, IL 62701",Residential
"9442 Aspen Dr, Riverton, UT 84065",Residential
"2121 Aspen Dr, Springfield, IL 62701",Residential
"7822 Broadway, Bayside, CA 94110",Commercial
"231 Oak Dr, Fairview, TN 37062",Residential
"294 Plaza Way, Riverton, UT 84065",Commercial
"5642 Commerce Blvd, Riverton, UT 84065",Commercial
"5016 Cedar Ter, Hillcrest, CA 92103",Residential
"7470 Freight Way, Fairview, TN 37062",Industrial
"2193 Main St, Bayside, CA 94110",Commercial
"2702 Freight Way, Riverton, UT 84065",Industrial
"3743 Foundry Ave, Springfield, IL 62701",Industrial
"9662 Downtown Ave, Springfield, IL 62701",MixedUse
"6148 Elm Cir, Springfield, IL 62701",Residential
"797 Cedar Ter, Hillcrest, CA 92103",Residential
"791 Maple Ln, Springfield, IL 62701",Residential
"8967 Birch Pl, Springfield, IL 62701",Residential
"4934 Commerce Blvd, Springfield, IL 62701",Commercial
"9923 Cedar Ter, Fairview, TN 37062",Residential
"1929 Maple Ln, Hillcrest, CA 92103",Residential
"9978 Broadway, Riverton, UT 84065",Commercial
"5865 Cedar Ter, Riverton, UT 84065",Residential
"8133 Maple Ln, Hillcrest, CA 92103",Residential
"",Commercial
"8096 Maple Ln, Hillcrest, CA 92103",Residential
"1660 Cedar Ter, Springfield, IL 62701",Residential
"4328 Broadway, Fairview, TN 37062",Commercial
"4761 Oak Dr, Springfield, IL 62701",Residential
"1557 Broadway, Springfield, IL 62701",Commercial
"2794 Industrial Pkwy, Riverton, UT 84065",Industrial
"1523 Depot St, Fairview, TN 37062",Industrial
"6558 Maple Ln, Bayside, CA 94110",Residential
"6910 Birch Pl, Bayside, CA 94110",Residential
"961 Market St, Riverton, UT 84065",Commercial
"9679 Industrial Pkwy, Bayside, CA 94110",Industrial
"6222 Broadway, Riverton, UT 84065",Commercial
"7915 Retail Row, Riverton, UT 84065",Commercial
"754 Birch Pl, Bayside, CA 94110",Residential
"9448 Market St, Hillcrest, CA 92103",Commercial
"8505 Elm Cir, Fairview, TN 37062",Residential
"4073 Market St, Bayside, CA 94110",Commercial
"2436 Retail Row, Bayside, CA 94110",Commercial
"191 Plaza Way, Springfield, IL 62701",Commercial
"8124 Aspen Dr, Bayside, CA 94110",Residential
"3947 Birch Pl, Fairview, TN 37062",Residential
"9020 Cedar Ter, Riverton, UT 84065",Residential
"7522 Oak Dr, Springfield, IL 62701",Residential
"7325 Market St, Bayside, CA 94110",Commercial
"6610 Union Sq, Springfield, IL 62701",MixedUse
"9900 Market St, Springfield, IL 62701",Commercial
"3390 Plaza Way, Hillcrest, CA 92103",Commercial
"890 Willow Ct, Fairview, TN 37062",Residential
"9830 Freight Way, Hillcrest, CA 92103",Industrial
"1869 Retail Row, Bayside, CA 94110",Commercial
"5819 Market St, Fairview, TN 37062",Commercial
"8553 Midtown St, Hillcrest, CA 92103",MixedUse
"2302 Oak Dr, Bayside, CA 94110",Residential
"4167 Broadway, Springfield, IL 62701",Commercial
"3533 Aspen Dr, Bayside, CA 94110",Residential
"1766 Retail Row, Fairview, TN 37062",Commercial
"2019 Elm Cir, Hillcrest, CA 92103",Residential
"8261 Elm Cir, Hillcrest, CA 92103",Residential
"9065 Cedar Ter, Springfield, IL 62701",Residential
"2904 Foundry Ave, Hillcrest, CA 92103",Industrial
"1697 Aspen Dr, Riverton, UT 84065",Residential
"6303 Main St, Hillcrest, CA 92103",Commercial
"4483 Retail Row, Riverton, UT 84065",Commercial
"2186 Willow Ct, Bayside, CA 94110",Residential
"4898 Retail Row, Hillcrest, CA 92103",Commercial
"3561 Willow Ct, Hillcrest, CA 92103",Residential
"2174 Main St, Fairview, TN 37062",Commercial
"8889 Commerce Blvd, Hillcrest, CA 92103",Commercial
"9213 Maple Ln, Fairview, TN 37062",Residential
"8748 Retail Row, Bayside, CA 94110",Commercial
"Industrial Pkwy",Industrial
"4375 Maple Ln, Riverton, UT 84065",Residential
"2400 Willow Ct, Fairview, TN 37062",Residential
"Apt 4B",Commercial
"3676 Aspen Dr, Hillcrest, CA 92103",Residential
"4713 Commerce Blvd, Hillcrest, CA 92103",Commercial
"6826 Birch Pl, Bayside, CA 94110",Residential
"882 Midtown St",MixedUse
"3696 Aspen Dr, Bayside, CA 94110",Residential
"9641 Retail Row, Fairview, TN 37062",Commercial
"4820 Retail Row, Riverton, UT 84065",Commercial
"2848 Union Sq, Riverton, UT 84065",MixedUse
"4573 Maple Ln, Bayside, CA 94110",Residential
"93 Cedar Ter, Fairview, TN 37062",Residential
"2519 Commerce Blvd, Springfield, IL 62701",Commercial
"4935 Retail Row, Hillcrest, CA 92103",Commercial
"5208 Main St, Springfield, IL 62701",Commercial
"2612 Union Sq, Hillcrest, CA 92103",MixedUse
"3625 Maple Ln, Fairview, TN 37062",Residential
"4810 Main St, Fairview, TN 37062",Commercial
"9197 Plaza Way, Bayside, CA 94110",Commercial
"5669 Union Sq, Springfield, IL 62701",MixedUse
"3995 Depot St, Hillcrest, CA 92103",Industrial
"1858 Main St, Bayside, CA 94110",Commercial
"8469 Willow Ct, Springfield, IL 62701",Residential
"7301 Aspen Dr, Hillcrest, CA 92103",Residential
"5249 Elm Cir, Riverton, UT 84065",Residential
"PO Box 8737",MixedUse
"6951 Elm Cir, Riverton, UT 84065",Residential
"1182 Aspen Dr, Bayside, CA 94110",Residential
"621 Birch Pl, Fairview, TN 37062",Residential
"9144 Aspen Dr, Fairview, TN 37062",Residential
"6358 Freight Way, Bayside, CA 94110",Industrial
"6382 Willow Ct, Springfield, IL 62701",Residential
"1037 Elm Cir, Hillcrest, CA 92103",Residential
"5861 Retail Row, Springfield, IL 62701",Commercial
"9938 Aspen Dr, Fairview, TN 37062",Residential
"6474 Broadway, Bayside, CA 94110",Commercial
"3603 Oak Dr, Hillcrest, CA 92103",Residential
"4833 Aspen Dr, Hillcrest, CA 92103",Residential
"183 Elm Cir, Fairview, TN 37062",Residential
"83 Market St, Springfield, IL 62701",Commercial
"4993 Cedar Ter, Springfield, IL 62701",Residential
"3470 Retail Row, Fairview, TN 37062",Commercial
"2638 Plaza Way, Riverton, UT 84065",Commercial
"1878 Main St, Riverton, UT 84065",Commercial
"7558 Market St, Hillcrest, CA 92103",Commercial
"4108 Elm Cir, Springfield, IL 62701",Residential
"5852 Broadway, Fairview, TN 37062",Commercial
"1144 Market St, Fairview, TN 37062",Commercial
"5009 Birch Pl, Fairview, TN 37062",Residential
"5183 Cedar Ter, Fairview, TN 37062",Residential
"3630 Willow Ct, Riverton, UT 84065",Residential
"2201 Main St, Fairview, TN 37062",Commercial
"7297 Birch Pl, Bayside, CA 94110",Residential
"2880 Cedar Ter, Springfield, IL 62701",Residential
"8825 Willow Ct, Riverton, UT 84065",Residential
"1236 Retail Row, Springfield, IL 62701",Commercial
"9534 Mill Rd, Springfield, IL 62701",Industrial
"9038 Commerce Blvd, Springfield, IL 62701",Commercial
"2436 Depot St, Bayside, CA 94110",Industrial
"4768 Aspen Dr, Hillcrest, CA 92103",Residential
"5962 Maple Ln, Bayside, CA 94110",Residential
"8424 Plaza Way, Riverton, UT 84065",Commercial
"2396 Cedar Ter, Hillcrest, CA 92103",Residential
"3586 Willow Ct, Springfield, IL 62701",Residential
"3835 Willow Ct, Fairview, TN 37062",Residential
"6359 Aspen Dr, Fairview, TN 37062",Residential
"5310 Maple Ln, Springfield, IL 62701",Residential
"9481 Midtown St, Fairview, TN 37062",MixedUse
"5986 Elm Cir, Bayside, CA 94110",Residential
"4122 Industrial Pkwy, Hillcrest, CA 92103",Industrial
"5782 Depot St, Bayside, CA 94110",Industrial
"Aspen Dr",Residential
"8431 Oak Dr, Springfield, IL 62701",Residential
"5935 Oak Dr, Riverton, UT 84065",Residential
"6794 Mill Rd, Riverton, UT 84065",Industrial
"7849 Broadway, Bayside, CA 94110",Commercial
"368 Aspen Dr, Bayside, CA 94110",Residential
"2208 Cedar Ter, Riverton, UT 84065",Residential
"917 Cedar Ter, Riverton, UT 84065",Residential
"9235 Station Blvd, Hillcrest, CA 92103",MixedUse
"1405 Mill Rd, Fairview, TN 37062",Industrial
"2795 Broadway, Bayside, CA 94110",Commercial
"2980 Oak Dr, Hillcrest, CA 92103",Residential
"7430 Oak Dr, Fairview, TN 37062",Residential
"2167 Birch Pl, Bayside, CA 94110",Residential
"6878 Aspen Dr, Hillcrest, CA 92103",Residential
"N/A",Commercial
"7902 Maple Ln, Springfield, IL 62701",Residential
"7070 Depot St, Springfield, IL 62701",Industrial
"7029 Maple Ln, Hillcrest, CA 92103",Residential
"9651 Foundry Ave, Fairview, TN 37062",Industrial
"1601 Mill Rd, Hillcrest, CA 92103",Industrial
"1374 Aspen Dr, Riverton, UT 84065",Residential
"",Industrial
"1931 Plaza Way, Hillcrest, CA 92103",Commercial
"6699 Oak Dr, Fairview, TN 37062",Residential
"4156 Elm Cir, Hillcrest, CA 92103",Residential
"4515 Cedar Ter, Fairview, TN 37062",Residential
"9046 Oak Dr, Bayside, CA 94110",Residential
"9092 Willow Ct, Hillcrest, CA 92103",Residential
"2263 Midtown St, Bayside, CA 94110",MixedUse
"7318 Retail Row, Riverton, UT 84065",Commercial
"8329 Union Sq, Riverton, UT 84065",MixedUse
"853 Cedar Ter, Hillcrest, CA 92103",Residential
"2382 Union Sq, Springfield, IL 62701",MixedUse
"4311 Market St, Springfield, IL 62701",Commercial
"6565 Maple Ln, Bayside, CA 94110",Residential
"942 Elm Cir, Hillcrest, CA 92103",Residential
"",Industrial
"551 Midtown St, Riverton, UT 84065",MixedUse
"2777 Elm Cir, Riverton, UT 84065",Residential
"2580 Elm Cir, Springfield, IL 62701",Residential
"6475 Birch Pl, Fairview, TN 37062",Residential
"1478 Maple Ln, Springfield, IL 62701",Residential
"5704 Plaza Way, Hillcrest, CA 92103",Commercial
"3188 Factory Rd, Hillcrest, CA 92103",Industrial
"2868 Maple Ln, Fairview, TN 37062",Residential
"4822 Maple Ln, Hillcrest, CA 92103",Residential
"8814 Cedar Ter, Fairview, TN 37062",Residential
"6179 Retail Row, Bayside, CA 94110",Commercial
"7549 Main St, Bayside, CA 94110",Commercial
"4225 Foundry Ave, Springfield, IL 62701",Industrial
"5173 Commerce Blvd, Riverton, UT 84065",Commercial
"4315 Cedar Ter, Springfield, IL 62701",Residential
"1246 Elm Cir, Fairview, TN 37062",Residential
"3581 Willow Ct, Fairview, TN 37062",Residential
"8176 Elm Cir, Riverton, UT 84065",Residential
"3388 Oak Dr, Fairview, TN 37062",Residential
"2556 Depot St, Fairview, TN 37062",Industrial
"109 Maple Ln, Bayside, CA 94110",Residential
"6082 Maple Ln, Bayside, CA 94110",Residential
"8042 Cedar Ter, Fairview, TN 37062",Residential
"6519 Plaza Way, Fairview, TN 37062",Commercial
"6934 Market St, Hillcrest, CA 92103",Commercial
"6451 Cedar Ter, Fairview, TN 37062",Residential
"8491 Broadway, Springfield, IL 62701",Commercial
"6217 Market St, Riverton, UT 84065",Commercial
"3067 Cedar Ter, Fairview, TN 37062",Residential
"5622 Birch Pl, Hillcrest, CA 92103",Residential
"6100 Oak Dr, Bayside, CA 94110",Residential
"9362 Birch Pl, Riverton, UT 84065",Residential
"4423 Commerce Blvd, Springfield, IL 62701",Commercial
"2390 Broadway, Riverton, UT 84065",Commercial
"2894 Broadway, Springfield, IL 62701",Commercial
"8749 Aspen Dr, Hillcrest, CA 92103",Residential
"9211 Main St, Fairview, TN 37062",Commercial
"984 Maple Ln, Riverton, UT 84065",Residential
"7371 Aspen Dr, Springfield, IL 62701",Residential
"9134 Willow Ct, Hillcrest, CA 92103",Residential
"1987 Maple Ln, Bayside, CA 94110",Residential
"9452 Plaza Way, Riverton, UT 84065",Commercial
"5819 Commerce Blvd, Fairview, TN 37062",Commercial
